label,risk_score
-1,-1.3738064694539764
-1,-1.162944553832149
-1,-4.015793829692634
-1,-2.175987467199398
-1,-0.7113681261040289
-1,-0.12417635879780684
-1,-1.9143108268540774
-1,-0.6374615044993487
-1,-0.29742537352303633
-1,-1.0266075840161033
-1,-3.3632601439297294
-1,-2.845024332458085
-1,-2.7494156514236487
-1,-0.807127844789305
-1,-0.460392640854205
-1,-0.19487191525728637
-1,-2.922382796053117
-1,-1.0463206868530743
-1,-3.9568573779528
-1,-2.2821268387669726
-1,-1.995393543970832
1,1.246362757503239
1,1.8491219839849824
-1,-2.16592815710191
-1,-4.454336019204609
-1,-2.260477889849778
1,0.9288330218345852
-1,-2.1103730749600746
-1,-0.35792566766597617
-1,-2.997734015819806
-1,-3.218894250729738
-1,-3.8433549031747187
-1,-1.136769738558405
-1,-0.9052599789721575
-1,-3.5287189358856152
-1,-2.1510039534115757
-1,-1.762425000992494
-1,-1.8626211048360335
-1,-2.527121922837244
1,1.301028453512354
-1,-2.7659099294009435
-1,-1.3305310392333127
-1,-0.8000861888100805
-1,-4.229158610709415
-1,-0.9191969303101676
-1,-1.3438034879557135
-1,-2.959915535982414
1,2.892952626957553
-1,-4.0346085356028984
-1,-0.29194718790043267
-1,-2.6968839039163086
-1,-2.388140049116612
-1,-2.0594076820081213
-1,-1.6475349103689305
-1,-4.103553054614169
-1,-1.0346953225665618
1,0.2456443184511002
-1,-1.4083522967530526
-1,-2.529013202899975
-1,-4.677931651985545
-1,-2.743767080757672
-1,-2.721875212913657
-1,-2.3656363752912726
-1,-4.074089266484751
-1,-2.379036301183966
-1,-1.5505472371770423
-1,-2.677576179799541
-1,-4.079509544392052
-1,-0.00131376730829576
-1,-1.1723767724538572
1,0.09401622428832379
-1,-1.535856176635752
-1,-3.612881874583791
-1,-2.8044767585985726
-1,-1.2826752373125858
-1,-0.7025305194550016
-1,-1.089870488516299
-1,-0.580640955356699
-1,-1.5887664725994728
-1,-0.17011284703633803
1,0.243183658904481
-1,-2.3350929529400473
-1,-2.5315852830281615
-1,-2.1390307348950297
-1,-0.6617076550717628
-1,-4.259881674444891
-1,-2.531272948582568
-1,-0.9290522743602355
-1,-3.4375096275575423
-1,-1.6220323398300334
-1,-1.8354099263601924
-1,-3.122498402398465
-1,-2.413936433279277
-1,-0.2948316220452351
-1,-0.4508229855473319
1,1.2879459566913671
-1,-2.0804391886108373
-1,-2.131127134592673
-1,-4.042871380888554
-1,-2.0571815260669584
-1,-0.5793224268154341
-1,-2.8826580169981524
-1,-3.0453906705653546
1,0.44682612134908456
-1,-4.813868051476345
-1,-3.9649623696246667
-1,-5.562482092413499
-1,-4.939933990483284
-1,-1.396201983821452
-1,-3.0784681348597935
-1,-2.187078693713012
-1,-4.361724761011653
-1,-1.1331093421161413
1,0.6584538980303867
-1,-3.457448545303569
1,0.3182587086587155
-1,-3.3126343098416546
-1,-3.6449402976520906
-1,-3.3979770920305676
-1,-2.7546333334340587
-1,-0.6004324979858155
-1,-1.1273355583226654
-1,-1.3181742385479651
-1,-1.7146362569547056
1,0.8338456729893866
-1,-2.4197016730415593
-1,-1.9294711024665008
-1,-4.069234836995419
-1,-1.5659567587880865
-1,-4.072103531857815
-1,-3.41069929674267
1,1.0450511232192363
-1,-3.40030405154397
-1,-2.356613395104446
-1,-0.8216187859277279
-1,-1.8051656610489184
1,0.9473358508066209
-1,-3.163334280524227
-1,-5.08661657551493
1,0.4762342314838779
-1,-0.38527143121367574
-1,-2.813818467687353
-1,-2.4474989836641132
-1,-1.4933068612311164
-1,-1.0209124800576694
1,1.876526053466705
-1,-3.3735152347190973
-1,-0.6135697031547778
-1,-0.5987205690981567
1,1.1573326245100464
-1,-1.3882437732717536
-1,-3.05714653211995
-1,-1.3837915750382777
-1,-1.5829361595324392
-1,-0.08165310417183387
-1,-0.29186460930567815
-1,-2.0949977118816
-1,-1.2076425137745055
-1,-1.8129978971073837
-1,-3.031970205815589
-1,-4.135659789927747
-1,-2.1001631738137743
-1,-2.749521582555409
-1,-4.8908220043896184
-1,-1.842204765195968
1,0.18100985123025426
-1,-0.7080660204235042
-1,-2.1265642084330185
-1,-5.166405321158242
-1,-2.366488532334413
-1,-3.0214900618336404
-1,-3.657167719152946
-1,-2.043640387156506
-1,-1.712621490118686
-1,-4.725184852785422
-1,-2.1098277995671455
-1,-1.0107712432888087
-1,-2.8154808227967782
1,1.2380437494629835
-1,-1.3519363240643503
-1,-3.766499514849876
-1,-4.65142604420186
-1,-3.4433581232036037
-1,-1.6516529068445522
-1,-4.430761413007925
-1,-4.914187068478275
-1,-3.5881421674970895
-1,-2.888692136133877
-1,-3.1715100847480007
-1,-1.6462724482059043
-1,-3.336680778457846
-1,-3.0098467414927614
-1,-1.3264622793291798
1,0.10793632188265649
-1,-1.2837435733725413
1,2.2340661025439577
-1,-1.909828479689167
-1,-1.3086817255458505
-1,-0.9871059056185757
-1,-5.448844362652544
-1,-0.11949519054735488
-1,-3.981192942014792
-1,-2.3941511707902388
-1,-1.4845797930300766
-1,-0.7891429964711206
1,2.3032185531691116
-1,-2.475220041243939
-1,-2.357081873777607
-1,-1.5690762682583792
1,0.7900914961368938
-1,-1.412089644502118
-1,-3.9836914025203014
1,2.387803343642813
-1,-1.1407938605596488
-1,-1.1755618934671648
1,0.5626960195326389
-1,-2.5423572472827405
-1,-4.053113385724173
-1,-4.373648801609497
-1,-2.983655423873092
-1,-3.3568539810448645
-1,-2.5947321402430363
-1,-1.4024799072850058
1,1.8672555281374472
-1,-4.682446603009016
1,0.7251197296514644
-1,-3.655797903275978
-1,-2.5472685286182197
-1,-2.9755771903105925
-1,-3.8736638765313467
-1,-2.2158290075226237
-1,-3.154450475849154
-1,-2.37990802888844
-1,-1.4451665560767042
-1,-4.644755118422637
-1,-4.112119309296558
-1,-4.335655124873125
-1,-0.30376292329340904
-1,-0.9778828993089709
-1,-1.8333173780861458
-1,-0.791427243628224
-1,-1.4685958393703213
-1,-2.562004117021866
-1,-1.5545678185223142
1,0.06774290849970219
-1,-1.3522109068978698
-1,-4.435015350625453
-1,-1.5214262694288323
-1,-0.15566763213776982
-1,-1.057937053964366
1,5.369467001374568
1,0.20308629443433798
1,2.8522665150548185
-1,-0.06722353029924878
-1,-1.7691061670942732
-1,-2.7406466336724065
-1,-3.002211190074423
-1,-2.1087324261016698
-1,-0.7907341448911591
-1,-2.1868169577246337
-1,-1.9972775152101194
-1,-1.6350841567519332
-1,-4.082676262348921
-1,-5.105032302913069
-1,-1.7299541483935672
1,0.35899656726073675
-1,-2.2182042311232655
-1,-2.5614800666737163
-1,-3.044254104909169
-1,-0.9175612004255583
1,0.9517135088599962
-1,-4.325909689979583
1,0.061097021173744936
-1,-2.2206144589253203
-1,-0.2591772484969101
-1,-4.782254409398896
-1,-2.3016997220683413
-1,-1.4024958838998365
-1,-2.9110476126410836
1,0.1104537820318459
-1,-1.890774450542822
-1,-3.6794517822510864
-1,-5.069809661854619
-1,-1.4296288152975265
-1,-3.7869774330429125
-1,-1.2758103055416676
-1,-1.4646444683867326
-1,-1.4172490023533029
-1,-3.47361613417606
-1,-1.995847732284637
-1,-3.8061752087968905
-1,-0.017179248904201427
-1,-2.502938343002749
-1,-2.589443958476186
1,0.018761696446351842
-1,-4.5435322579745465
1,1.210030090905028
-1,-2.6212258971757136
-1,-0.6837438804743404
-1,-1.0285584864108026
-1,-3.8700691681714208
-1,-0.921745044654144
-1,-0.6728138586684037
-1,-2.219997257026124
-1,-0.20471583635699941
-1,-2.0336008726424093
-1,-2.2885983064552127
-1,-3.9612965901539714
-1,-1.0758577800394924
-1,-1.2508465887827127
-1,-2.5999470904593673
-1,-4.393756815628828
-1,-2.612779237396229
-1,-1.1749686470354639
1,0.9714543709919891
-1,-3.3405292735252194
-1,-0.7322324428444159
-1,-1.5403773197045432
1,0.48166624877217884
-1,-2.1372398479303105
-1,-4.1502706383307295
-1,-0.10889957341634703
-1,-0.6954646263701307
-1,-2.2133154396111485
-1,-0.11653973558875536
-1,-0.40494331064228706
-1,-1.8339907375634856
-1,-3.853636745984006
-1,-1.2943768534244604
1,0.7699521597055058
-1,-3.95968910717292
1,1.0626056677884272
-1,-0.03647855620687599
-1,-1.685617001283497
-1,-2.2810681166056566
-1,-3.5305039225570676
-1,-1.8730762447982297
-1,-1.7058641073010614
-1,-1.947266616599223
-1,-3.6842974368176065
-1,-4.344778604325575
-1,-4.03191512766024
-1,-1.7255505427138282
-1,-3.669202697917127
1,2.191615030045523
-1,-3.8857590667556163
-1,-2.408117695686184
-1,-1.7264312377610807
-1,-1.031231702156471
-1,-3.9424770917655367
1,0.38553208649729576
-1,-1.4584395477289387
-1,-1.5318485835682036
-1,-2.2031372597926415
-1,-1.9649334447061022
-1,-3.608742489575052
-1,-2.3105339871094155
-1,-1.1086305759873971
1,1.0195946960905484
-1,-1.10129062956313
-1,-1.5842931262445128
-1,-2.3098809432941274
-1,-2.511966494981886
-1,-1.1498110325466029
-1,-2.2320541955949382
-1,-1.102946473666771
-1,-3.732381616266385
-1,-1.8524200016902124
-1,-3.1384647702041213
1,2.646701338668384
-1,-2.4812180477131593
-1,-3.3599405177190382
-1,-4.861259206444628
-1,-3.7437736015787504
-1,-0.45287904126454753
1,1.3404397407721658
-1,-1.6843301267445718
-1,-3.4760665843211886
1,0.7582697736911731
1,0.3680175519195013
-1,-3.119723543715561
1,0.46377947524808294
-1,-4.560770670350134
-1,-2.7331856974732265
-1,-0.5492551013890565
-1,-1.5908958703643172
-1,-0.2548258379789851
-1,-3.5667931437529177
-1,-2.9838232270060177
1,2.924549413361983
-1,-2.7832033621478534
-1,-0.2356310838793698
-1,-3.657112953167775
-1,-0.384178925551541
-1,-3.144987262995676
-1,-3.98658931844277
-1,-3.7054462610058434
-1,-4.487911654175259
-1,-0.5949644262255364
-1,-4.433193021865332
1,2.927399758530407
-1,-3.7955443869461853
-1,-2.1013982863671155
-1,-4.608848798160965
-1,-1.7428318207032094
-1,-0.5513980498469016
-1,-0.5664795206301018
-1,-0.005768606274191805
-1,-1.8602659517653448
-1,-1.8854697323960448
-1,-2.336656336262683
-1,-1.7924190404124856
-1,-0.43903688935156876
-1,-5.203670469441234
-1,-3.519305759929663
-1,-3.6790435220187874
-1,-3.056622167729412
-1,-3.3502612213231373
-1,-3.1073189645560135
-1,-3.1006826419875546
1,0.309247929904652
1,0.21204168254135983
-1,-1.9582908878263605
-1,-0.5536383005987909
-1,-3.330680065079255
-1,-3.5771781564768843
-1,-1.7964507681778557
-1,-0.7763648827813939
-1,-0.6475278077015255
-1,-2.424856818936281
1,1.1787841858550596
-1,-2.286345084689471
-1,-3.886138448619791
-1,-1.973396338783819
-1,-2.2078924498951618
-1,-0.15393520174353653
-1,-2.4681368421297445
-1,-3.2075782944643323
-1,-3.2303558454512173
-1,-3.0170769315548345
-1,-3.4216976881328356
-1,-4.661526261125212
-1,-1.4097208184045222
-1,-2.8366337781100794
-1,-1.8940039099705808
-1,-1.4161294386392544
-1,-5.01159305017359
1,0.24854972979741113
-1,-2.20067704771708
-1,-3.160384424746536
-1,-2.4630288484881366
-1,-1.4361363974396033
-1,-1.3814875222042298
-1,-5.149999439379409
-1,-0.8254492464045475
-1,-3.246743039905352
-1,-0.29209253001920055
-1,-2.270936448802768
-1,-1.0959308451416045
-1,-2.009376898761261
1,1.00498981217803
-1,-2.9388293512953805
-1,-0.5036711736794098
1,0.822799778565359
-1,-1.6218935453240564
-1,-2.2278811440385313
-1,-2.932874583296233
-1,-2.6300906878884436
-1,-3.3901302370264963
-1,-1.1143677175055628
-1,-0.8741099833808771
-1,-3.014497750312066
-1,-1.2549928516578754
1,1.592692802823049
-1,-2.2206619689474394
-1,-2.0930740365149587
1,0.4610932196355538
-1,-4.142017816571919
-1,-4.069448442804716
-1,-4.640492694782369
-1,-2.8242615915544182
-1,-2.7348919917542043
-1,-0.15260360299388728
-1,-2.712912192007313
-1,-3.6933458809241304
-1,-3.0004880055762264
-1,-1.8328085153148195
-1,-0.08978901684189529
-1,-3.225142294427844
-1,-3.9149236878564757
-1,-3.127151677674309
-1,-2.090075504289241
1,0.21910543366005347
-1,-2.8705766169276807
-1,-1.7018811386144541
-1,-2.1833474483857573
-1,-4.534385794766565
-1,-1.0558668546969696
-1,-2.2246333089726322
-1,-1.605055252761388
-1,-1.06995576370589
-1,-0.6299550656640742
-1,-5.202270041258484
-1,-2.10797010290017
-1,-2.2532137782328734
-1,-3.104144014898123
-1,-3.171979908605857
-1,-2.912346375084498
-1,-2.42355371559132
-1,-2.5588095926231835
1,0.05441202217931612
-1,-1.3751765176390902
-1,-4.203132294163469
-1,-2.7121227403546424
-1,-0.8823813515558842
1,0.23730153596276024
-1,-3.4765898664679473
1,4.049587168515736
-1,-2.102677745802473
-1,-5.539936332023068
-1,-1.5503741693448283
-1,-1.5426995395994143
-1,-2.9676106349360794
-1,-3.3519927123733573
-1,-4.5299635264543765
-1,-3.475508629164975
1,0.73806160001671
-1,-3.3473027660910235
-1,-0.9378525961593849
-1,-4.822332800450362
1,0.42849124428602253
-1,-3.4896140567522673
-1,-3.0011302562632207
-1,-0.08481809566017862
-1,-1.2708998688851612
-1,-2.4682727366451185
-1,-1.9277815329190537
-1,-1.555573047449556
-1,-4.377106323295283
-1,-1.1842279185378972
1,1.1684755667011557
-1,-2.596375608218467
-1,-0.8638638114485031
-1,-1.7956429589264078
-1,-0.3307881568366211
-1,-0.8505172309044606
-1,-1.9377428722367587
-1,-1.3228891058851064
-1,-2.0865412492976407
-1,-1.2105505639554142
1,0.564306088922805
1,0.516164993477492
-1,-1.626864994415409
-1,-2.2473022735577426
-1,-1.7393438372026606
-1,-5.228240009193505
-1,-3.4478000030527
-1,-3.782629715555864
-1,-3.2797678902255205
1,0.7015675860022166
-1,-0.9067145807738444
-1,-0.4253744021381528
-1,-1.4149252923628481
-1,-5.318800109620673
-1,-1.5765004265291942
-1,-2.261317755561078
1,0.20752569377989633
-1,-0.7135408061691109
-1,-0.3537407665538067
-1,-1.6344147394508026
-1,-1.2322377317546105
-1,-2.5574510751232884
-1,-2.587427061120416
-1,-0.9155335156316114
-1,-4.65114787669396
-1,-1.7739184299830966
-1,-1.9990566101434866
-1,-2.760083330106638
1,0.12820406631344972
-1,-0.42950728505543406
-1,-1.783301860679945
1,0.014511383892975831
-1,-3.6687675356470333
1,0.48689259423687253
-1,-1.6694727437016785
-1,-0.3385418426973914
-1,-0.3345396143559457
-1,-2.773528764010488
1,0.5374715845220943
-1,-3.78023730116818
-1,-3.151224972687489
-1,-3.725224969802238
1,1.7373456625685078
-1,-2.8706389539485127
-1,-2.622683457531838
-1,-3.7798187665332286
-1,-2.4064821737522193
-1,-3.0316284577599797
-1,-2.83507379643831
-1,-1.4238189194079878
-1,-0.7186953195293947
-1,-0.48078131690494946
-1,-2.857196996599954
-1,-2.3218282550041818
-1,-2.4499689465618544
-1,-2.733986760346217
-1,-1.6982557202049968
-1,-2.291849833851086
-1,-1.9311104419562637
-1,-2.0469275269850944
-1,-0.32132217141252584
-1,-0.6138059875909644
-1,-0.6528395469884488
-1,-0.1263187387705676
-1,-4.037698438591771
-1,-2.11631540179526
-1,-0.6795040011154512
-1,-4.114792450970408
1,0.08043506854473745
-1,-0.16493463143781184
-1,-1.644265573587512
-1,-3.797335522715931
-1,-3.5554720861752855
-1,-2.226499231999364
-1,-2.2577654934824958
-1,-1.6821757856660222
-1,-4.255302876255118
-1,-1.7813579615223747
-1,-4.3538943939251125
-1,-2.9396151081793596
-1,-1.3946267449358571
-1,-1.6256987638962972
-1,-1.364641660310382
1,1.3992461904164573
-1,-3.469809993097302
-1,-1.2027638909013105
-1,-4.812206459785821
-1,-2.5845251654081536
-1,-2.67484953247128
-1,-3.2345174801206027
-1,-2.4662935326695
1,0.09647475068369613
-1,-3.1263313139893025
1,0.5948091445231433
-1,-0.46304238034500095
-1,-3.5182753012570056
-1,-2.3968646472952635
-1,-0.4952470891915495
-1,-2.698160883610173
-1,-0.8996036543074656
-1,-2.015343613600742
-1,-3.8391149053911198
-1,-1.3890545666873926
-1,-4.753326993650379
1,1.2790184151594475
-1,-1.655395868430572
-1,-0.07749211740751503
-1,-2.160748126900297
1,1.926367667332628
-1,-0.6839554121592634
-1,-2.0289875674404683
-1,-1.9413383669939288
-1,-3.325913464524002
-1,-2.427771059829805
-1,-1.7562600321966442
-1,-1.605996910721531
-1,-1.2927507943609544
1,0.4113473417921056
-1,-2.5748235861929443
-1,-0.9188463277500492
-1,-2.5918092583918226
-1,-3.2334099540401735
-1,-1.805561282848547
-1,-2.7132858898633976
-1,-2.2290753335393036
-1,-2.2014129738205748
1,0.6711761870892378
1,3.679084821414361
1,0.30158353251842074
-1,-2.167212281736973
-1,-1.3338852734113977
-1,-2.0580542301503635
-1,-2.108009109539425
-1,-1.26814983687434
-1,-3.354890193185547
-1,-0.9647162762668243
-1,-2.6908775774788425
-1,-3.233255902158583
-1,-2.7486685815538103
-1,-5.400938321070208
-1,-2.1603300797358345
-1,-3.6644084377061996
-1,-3.5570063300568266
-1,-0.6171877401304368
1,4.447804874963708
-1,-2.271127789179343
-1,-1.2843547804935191
-1,-3.493877822867704
1,0.4715407277540522
-1,-2.174714026865949
1,2.6803954329993633
-1,-1.404948965910953
-1,-3.6094554299558754
-1,-1.5679624537080166
-1,-3.0980732857980624
-1,-2.2547083346069887
-1,-1.0689110756609732
-1,-3.894953950541025
-1,-2.311794956507662
-1,-1.1262320484808666
-1,-3.5140397868889903
-1,-0.6544929904947611
-1,-1.3868731811685333
-1,-0.7172139597055003
-1,-3.205910443754219
-1,-5.452473257550036
-1,-1.9916927080358908
-1,-3.4648651403154176
-1,-2.944453528568187
1,0.08458666509644498
-1,-1.1891741366015944
-1,-1.6537348556154041
-1,-2.7733768483573984
-1,-2.3282936013572115
-1,-0.21726263501347964
-1,-2.00483176996391
-1,-2.96765430366759
1,1.2674836375199159
-1,-1.5394623460797985
-1,-0.9346751282557898
1,1.5032993226432823
-1,-0.40809009999187257
-1,-2.171620429860718
-1,-1.2337809619410403
-1,-1.8605274920744614
-1,-0.6328352480955389
-1,-2.7355462794772576
-1,-3.5349912992585626
-1,-0.8171090277058269
-1,-1.377121079611387
-1,-2.2052799079321392
-1,-2.7893730590456265
-1,-1.8512839131533951
-1,-2.6007577904849195
-1,-4.2371222311140135
-1,-0.4991297569586187
-1,-4.054726528077753
-1,-1.6647861758550595
1,0.1405175799654606
-1,-3.7623111614143983
1,1.0768589710158587
-1,-4.002555745212731
-1,-0.07299925781402024
1,2.273802471279452
-1,-2.4007674766083276
-1,-2.872474150507304
-1,-2.9504291223968235
-1,-1.9512963899737532
1,1.267385809211686
-1,-2.4703411403894924
1,0.19430632642548493
-1,-3.936902225306354
-1,-3.43281919076411
-1,-2.506006614583002
-1,-1.8785174942731213
-1,-2.8221726950769774
1,0.8987608222657691
1,1.0993099464783427
-1,-2.3487120658056346
-1,-0.2554792118128986
-1,-2.239845872231695
-1,-3.788995866333827
-1,-0.5824955044789131
-1,-1.80271155012314
-1,-2.348777475254895
1,0.10923587130171769
-1,-1.4558417418083984
-1,-3.76555201552473
-1,-1.2358321220211952
-1,-3.532187211752091
1,0.7046251834815955
1,0.6042258083908479
-1,-0.06004565627920878
-1,-2.2877619707464434
-1,-1.5767369910290316
-1,-2.328896218067088
-1,-3.2029268358121885
-1,-3.4081670319058475
-1,-1.8057042380694206
-1,-2.4565430367821097
-1,-4.1184534932236465
1,0.2060273271953736
-1,-0.8275595155895488
-1,-1.306216031585193
-1,-1.9019188405573895
-1,-3.3428215069092917
1,4.726750212830191
-1,-1.9809296517351733
-1,-4.42915964553432
-1,-1.3840315967611052
-1,-2.515060927443046
-1,-1.3541660088580276
1,1.6577159027292572
-1,-1.6876148160593032
1,1.3367053560859223
-1,-1.1673364645482995
-1,-1.100342277511074
1,0.02373994555071098
-1,-0.7470054864470634
-1,-1.2741105996357986
-1,-2.663157640517286
-1,-1.9083539329080799
1,0.0020933856856156534
1,0.0565175671207749
-1,-1.8876938525064244
-1,-3.514224185328077
-1,-3.387770021974892
-1,-4.290657713054829
1,1.0632185679212642
-1,-0.09274707281534594
1,1.1957215285834684
-1,-3.042543183246205
-1,-5.945340883680762
-1,-3.112841112824861
-1,-2.789345962217519
-1,-3.11574119122331
-1,-5.242112343494687
1,0.4622912007648984
-1,-1.7616403895534558
-1,-0.1656051062401316
1,2.3555273353227477
-1,-0.44802810142961963
-1,-1.2223907571715278
-1,-4.160325271867384
-1,-2.049100471216218
-1,-0.9258115050699838
-1,-3.0195205374599925
-1,-4.387181366297618
1,0.7376465564840025
-1,-4.14322960622338
-1,-1.7535340037706217
-1,-3.8677345308896536
-1,-0.9170935834369848
-1,-3.459608172996496
-1,-4.122141683351971
-1,-4.121330692807457
-1,-3.221148862462512
1,0.9176809775415232
-1,-1.6534247600764627
-1,-0.0675192937968917
1,0.8772662320449794
-1,-1.635292052590803
-1,-5.3843526708235885
-1,-3.1581577256790276
-1,-2.156145144528207
-1,-2.919952013787114
-1,-1.6313199087883068
-1,-0.848466593577183
-1,-2.1407230387138254
-1,-1.640588170807941
-1,-2.6126693751063175
-1,-1.1800119230531176
-1,-4.284900506695226
-1,-3.630178617829041
-1,-1.8176229770472305
-1,-0.04022590830368591
-1,-1.21119458443832
-1,-2.1446006422490362
-1,-5.0762302427687045
-1,-0.06143183609431221
-1,-2.436748239780288
-1,-2.8981201483903534
-1,-2.77148328358523
-1,-0.34111547235018164
-1,-3.751736402056224
-1,-0.18309538823187882
-1,-1.8918694763229604
-1,-1.2741757283665525
-1,-2.138357459477106
-1,-2.4659092881612614
-1,-4.801438481524156
-1,-4.1358532381710145
-1,-2.452458513895359
-1,-2.626219989691481
-1,-2.3963039102556407
-1,-1.012698233515299
-1,-1.096512704778034
-1,-3.4930247528286578
-1,-1.6735595478603364
-1,-3.5713046796737133
-1,-2.4499841107630504
-1,-4.539978312869025
-1,-2.580057474188242
-1,-4.259871620461142
-1,-2.192258758827233
-1,-1.8059218871925409
-1,-2.18317924040834
-1,-4.412701065920846
-1,-4.122185643665499
-1,-0.922324473013287
-1,-0.9447206349834574
-1,-2.6544516597161336
-1,-3.4161068432731576
-1,-0.921034583962037
-1,-2.658271437052804
1,1.4898154208261851
-1,-4.569822597732939
-1,-0.9246871704520239
1,2.754114413555106
-1,-2.615081356242702
-1,-3.297514720347081
-1,-2.140755002995711
-1,-2.2857826835135704
-1,-2.2216575357112647
-1,-3.8336708542438456
1,0.002909741604918608
-1,-1.7473442467568148
-1,-1.7941160561754226
-1,-4.2146213044734475
-1,-3.0961510168374566
-1,-1.5512644795881643
-1,-0.31592386289819385
-1,-0.30597232524249457
-1,-6.107952440949838
1,2.432810653776232
-1,-2.367089156365604
1,0.4417486474304945
1,3.4069089674561024
-1,-0.7524230224769505
1,1.8351629198570047
-1,-0.5338355701565793
-1,-1.477218125052448
-1,-1.7503188339536087
-1,-2.2307879952844165
-1,-2.2677556726904893
-1,-4.2733303562281355
-1,-2.7199714598109375
-1,-2.297384927876656
1,0.5751727393870942
-1,-2.8452592277673134
-1,-2.0900930835410985
-1,-2.1176536912054043
1,0.12833192359568638
1,2.149599377654801
-1,-0.6694520312704909
-1,-1.5255694456913644
-1,-1.8011205611181715
-1,-1.435713992158266
1,0.5747704703612697
-1,-0.9631857712038524
1,0.08953430936922428
-1,-3.701097381584167
-1,-2.7488463053502437
-1,-0.08136881442587582
-1,-2.808984280676533
1,2.50515344534857
-1,-1.2494051813202955
1,0.7196764903885605
1,0.5446947544543811
-1,-3.232602516819983
-1,-0.2426845231281558
1,0.36332900270643154
-1,-3.3451833479579203
-1,-1.7589400950966445
-1,-1.7425359230831572
-1,-2.65939196683749
-1,-0.37627647426657096
1,2.530855649998447
1,1.2605824338759553
-1,-2.7560859647521063
-1,-2.290462567424816
-1,-0.09799273987201738
-1,-1.2018980710289981
-1,-4.730011766897867
-1,-2.448638208992942
-1,-0.37490706860571643
-1,-2.2922693600481505
1,0.21513481007871224
-1,-2.786720016624382
1,0.7929538879999917
-1,-2.5179074208742573
-1,-1.4211335394503848
-1,-4.58332614878697
-1,-0.9419233867363487
-1,-2.8662049267242575
-1,-1.7594821354049845
-1,-2.322304609544224
1,0.46232205743718496
-1,-3.6115653667679655
-1,-3.0262343502707374
1,0.537924567970485
-1,-2.83346525600135
-1,-3.4031504162525983
-1,-2.5507468698113893
-1,-1.4070069087135104
-1,-1.7238483031828458
-1,-3.1127770431815014
-1,-2.658039416248014
-1,-1.49691298785423
-1,-5.1363752852704065
-1,-1.8127093333279196
-1,-1.6646446769683416
-1,-2.8446503931162783
-1,-0.5203765591380957
1,3.7452253131890623
-1,-5.124612789080626
1,0.26278128997060995
-1,-1.1690887189517114
1,1.7758409444590288
1,3.9604464917863216
-1,-4.389603267886265
-1,-3.6559707222068427
-1,-1.3884889259736748
-1,-0.8148563219565748
-1,-2.413078709313288
-1,-0.1656774203417297
-1,-0.23972273403704397
-1,-0.3962163934781461
-1,-2.26321375359689
1,2.9938234091257176
1,2.0300567070636757
-1,-2.104135709378573
-1,-0.4272665951455936
-1,-0.9851262735506545
-1,-2.3365415747860316
-1,-2.6987965829158633
-1,-1.414742662018878
1,1.9580453559617992
-1,-4.144090658313405
-1,-0.4785247242765452
-1,-0.9533883216152176
-1,-0.3084798784555286
-1,-2.1595930502290077
-1,-4.551449599250209
-1,-4.821269993138613
-1,-0.9360032320164322
-1,-1.235744949981385
1,0.5018178549744192
-1,-4.697752330863177
1,0.38117770921043453
-1,-3.1814685835056156
-1,-3.49083683700834
-1,-1.5917822520037952
-1,-2.9963036004552435
1,2.6617207698848313
-1,-2.3897614081690186
1,2.616954421441512
1,1.6880553557034654
-1,-3.1917401526569926
-1,-2.5347207155292875
1,0.507640747126231
-1,-1.3953452609879058
-1,-1.2973852585941503
-1,-0.2607275965889268
-1,-1.0394560954964076
-1,-0.10117690433281029
-1,-2.4679886756317813
-1,-2.7780491266778142
1,0.5370829070671177
-1,-1.3707588475661616
-1,-4.007523271542614
-1,-3.5922601255581035
-1,-3.2825510011234917
-1,-1.0279900915086402
-1,-2.1120033589735425
-1,-1.5715640624819074
-1,-3.968827529317853
-1,-2.5723491087499415
-1,-0.4839971626428659
-1,-2.889743231002704
-1,-2.0758197243207905
-1,-3.6660543459503616
-1,-3.422216913926797
-1,-1.6727609650151347
-1,-2.446857179008221
1,0.7445256127709996
-1,-3.5999311464723895
-1,-1.8612648918677437
-1,-4.090967566421884
-1,-1.1339990849147972
-1,-1.5619073610782688
-1,-4.790161192195991
-1,-4.628551293839542
-1,-2.109620360222103
-1,-1.5054292566999088
-1,-1.6496507187781981
-1,-3.058646679879118
1,0.6762706215739325
1,0.9993496386410663
-1,-0.29993195035510356
-1,-2.7334453588722534
-1,-2.6785393610603503
-1,-0.9474875758119116
-1,-3.070294701052297
-1,-0.6875742458838198
-1,-1.972061509464322
-1,-4.174914362947364
-1,-2.744028175592889
-1,-3.098011123736015
-1,-1.270118541939913
-1,-3.700417323131999
-1,-3.771861095483354
-1,-0.9411995982306078
-1,-1.8200533183540486
1,0.39791636334123176
-1,-2.880136319221831
-1,-1.357166497941611
-1,-2.236306394648306
-1,-2.715104953890153
1,1.3460550771237856
-1,-5.537838406850731
-1,-2.9291404115172206
-1,-3.373725486588054
-1,-0.5246246433431088
1,0.03864154505636149
-1,-3.086620102752724
-1,-3.0115598496361295
-1,-3.238495337871212
-1,-3.3256504478852427
-1,-3.823103438315913
-1,-1.9870362653647644
-1,-4.110311937749142
-1,-0.4089689185338604
-1,-4.476883726712677
-1,-2.3620786748939504
-1,-2.5470210677695557
-1,-1.7324074154450346
-1,-1.9334693532733898
-1,-0.3098181687246314
1,0.8424038460008076
-1,-4.768872021961116
-1,-1.138660664059261
1,0.5698885601647127
1,0.2680417846546919
-1,-2.0489020391733517
-1,-0.3306617733799157
-1,-0.528984882426519
-1,-2.3926534517258498
-1,-2.1555314949609645
-1,-3.0927722066030157
-1,-3.4092853742565215
-1,-1.1980029559751197
1,2.029507956230428
-1,-1.1286337060150236
1,0.6992745480966037
-1,-1.5834452295460937
-1,-4.393830186712243
-1,-2.528110604819698
-1,-1.3622225071904892
-1,-0.7121689938334715
-1,-0.5318592604094112
-1,-3.339526521360976
-1,-3.8095363649926224
-1,-1.9961424396070557
-1,-2.0554629065447156
-1,-3.2329508845602275
-1,-3.870521156601121
-1,-2.8869498372854108
1,0.26946401038499584
-1,-0.3531609178085981
-1,-1.873655886796807
-1,-3.94378692549415
-1,-4.0763050943736445
-1,-1.4237170502727883
-1,-2.5455586594831083
-1,-2.6714837288882283
-1,-0.5574546129039988
-1,-4.0410401756496865
-1,-1.480044585625409
-1,-4.380338607041899
1,0.33083677318245674
1,1.0108511987843245
-1,-3.191416623869485
-1,-1.9712440072906643
-1,-4.539391069866151
-1,-2.5287468659154975
-1,-3.419809418114725
-1,-0.3887415562506456
-1,-2.235605549391159
1,1.285228845893809
-1,-2.374487905395055
1,0.3439587533799531
-1,-1.1635211363649343
-1,-4.9340696297641005
1,0.11307754562311528
-1,-1.4863341070140106
-1,-2.824417766971448
-1,-2.6844073131091815
-1,-3.673976112887815
-1,-1.829061334031876
-1,-4.8390771511157995
-1,-2.649079562727307
-1,-2.621719779033101
-1,-2.186509617927552
-1,-2.227801001394118
-1,-3.3685712894173148
-1,-0.6440113783066621
-1,-1.7748679722925669
-1,-3.5084277922003593
-1,-2.0479366921590763
-1,-0.2021610912569299
1,0.5138376889528049
-1,-1.1844718565465269
-1,-2.6103676462112126
-1,-2.6672922762733737
-1,-4.572440506332048
-1,-3.6105168536094063
-1,-2.7644797744012797
-1,-2.3660163719627785
-1,-0.8974431467895274
-1,-2.191832766358556
1,0.13842351718461973
-1,-3.4896392910105463
-1,-3.38215444423715
1,0.43530970647004186
-1,-0.632744418500863
-1,-1.1047987225278557
-1,-3.4244534241487816
-1,-2.066590075996853
-1,-1.8551556519222998
-1,-3.813881178533374
-1,-0.5111215307324692
-1,-1.4258103449211619
1,1.3097622571699024
-1,-2.7306656293378966
1,1.270632921182349
-1,-4.422563179619779
-1,-3.204390386224354
-1,-1.4195318788048543
-1,-2.307599449536193
-1,-3.3498707345293632
-1,-0.9077819797581398
-1,-4.447577949068136
-1,-1.476020394784018
-1,-4.719192490036154
1,0.6704820164209798
-1,-2.8796326181463106
-1,-1.2088096322660846
-1,-1.7075497933247532
-1,-2.310976929519999
-1,-3.318048193016372
-1,-3.6112411058997633
-1,-1.2104802942486335
1,2.12318925966999
-1,-2.031529098280054
-1,-0.518916311833207
-1,-1.3136751813946819
-1,-0.5624287259512586
-1,-1.930428482121794
-1,-4.030749721636835
1,1.136865595140362
-1,-2.528343509654934
-1,-2.289760026665198
-1,-3.1282281863751686
-1,-1.3570944332604922
-1,-1.4335166136897493
-1,-0.5378878911705861
-1,-2.8088455269668096
-1,-4.134978401385375
-1,-3.2141994482357847
-1,-3.927257579401031
-1,-2.3625978374912378
-1,-2.3867394087023484
-1,-4.488150993780955
-1,-2.1705568905667945
-1,-5.2945218958556115
-1,-0.3067633888475881
-1,-2.094456236173609
-1,-3.5527965393847656
1,0.1223579065699511
-1,-2.596774915529989
-1,-1.3525801448040904
1,0.99896378610235
-1,-2.8398511340360653
1,0.46889982372348216
-1,-3.634526004180659
-1,-1.9554152509446234
-1,-4.1550929823113565
-1,-2.7049063125441664
-1,-1.6219682498792896
-1,-4.449985728255147
-1,-2.424702371117043
-1,-0.7654143038095085
-1,-2.3284440058887323
-1,-1.1165383139863003
1,0.7023546933642344
-1,-2.812831784826964
-1,-1.5313369237755452
-1,-0.9377745016191581
-1,-1.1738471429782946
-1,-2.05996387756866
-1,-2.693857338366249
-1,-0.30234921570713486
-1,-4.2068608171564845
-1,-3.472415738654127
-1,-3.188872783052213
-1,-3.5301182891083407
-1,-2.6546499513289517
-1,-1.7406436582324405
-1,-1.0123617011291888
-1,-1.6098886843143192
-1,-0.3455650982896388
-1,-1.7863457546202945
-1,-3.2757466567514704
-1,-1.1405637163913693
-1,-5.1250711309733195
-1,-1.4572842612218369
-1,-1.9528574270911414
-1,-3.858318307945276
-1,-3.5301255443353523
1,1.0300995912164872
-1,-0.9385403886217859
-1,-2.7798309271883563
-1,-2.9465264262319177
-1,-2.4846100984500983
1,1.616854802203829
1,4.306623153507006
-1,-1.9557282486799532
1,0.012974998827115829
-1,-1.7292362038638511
-1,-2.22973466015698
-1,-0.4954970198384346
-1,-1.9342264740311572
-1,-1.9421478267840122
1,0.497779802581199
-1,-3.114945103129686
1,0.7504531855004402
-1,-1.7970108499963886
-1,-2.943573757634016
-1,-1.8391998379652563
-1,-3.875454375465161
-1,-1.9960756798499872
-1,-1.4297070355084807
-1,-2.2932569892134773
-1,-3.1011138003525907
-1,-1.6084009242571042
1,0.744692972984032
-1,-0.45441677980656203
-1,-1.072647132929853
-1,-3.313749351617405
-1,-3.30175728906272
1,1.3711244572538397
-1,-2.875674495006829
-1,-1.6768684480265115
1,2.6236675921141024
1,1.4274616596659115
-1,-4.174686432180261
-1,-3.595060171011748
-1,-1.4595189292226038
-1,-1.8715283195717705
-1,-0.8676898359151024
-1,-1.2625916067317116
-1,-1.980492739662023
1,1.5842782532254984
-1,-0.2436675767629916
-1,-4.011125919273197
-1,-4.4528773850047925
-1,-2.3901776647605026
-1,-2.351101688671931
-1,-1.9250562486994682
-1,-0.5541353485142677
-1,-2.8740946027666636
-1,-1.0847976752222226
-1,-5.301172642033895
-1,-3.677908459275415
-1,-2.8786562746789985
-1,-4.429907679489426
-1,-3.3521782221270686
-1,-0.6988070989614814
-1,-1.9324487007698867
-1,-3.7234609578392437
-1,-2.659049769863348
-1,-0.11057053887440668
-1,-1.5701037044248367
-1,-1.8449395768809689
-1,-3.784341441171537
-1,-2.4834109719735715
-1,-4.377389537796159
-1,-0.9310420970183978
-1,-0.4481525800986164
-1,-0.8032349340616414
-1,-3.69953491350609
-1,-0.287956791592157
-1,-0.4444549635541265
-1,-2.9290552792702615
1,2.1971015933212743
-1,-3.7532798660852507
-1,-3.6175435679900074
1,1.766524682752255
-1,-0.4475747244845915
-1,-0.0558136307343045
-1,-0.5350955229220161
1,0.46945085383676644
-1,-2.1847491051611896
-1,-2.625627773865834
-1,-4.462745207919659
-1,-1.9538384689607646
-1,-2.04203670792589
-1,-3.7658383815832552
-1,-0.9919656082656149
-1,-3.833038918351034
-1,-2.9965179224966967
-1,-4.98603163651399
-1,-1.8235209454673937
-1,-3.323113626310689
-1,-2.276622253094312
-1,-1.4514825811637706
-1,-0.9569198216844076
-1,-4.566882124864443
-1,-1.9114204260793923
-1,-2.5115649533325617
-1,-2.324002942713642
-1,-0.7475174512561369
-1,-2.3828822301650106
1,1.9163242328607586
-1,-4.6846592581768345
-1,-4.900139195445208
-1,-2.7255758356914415
-1,-0.33477177341226205
-1,-1.5648100999272776
-1,-3.1718698957682046
-1,-2.5659426153721956
-1,-4.002244746428697
-1,-4.35504289970651
-1,-1.567446989120193
-1,-4.326662855406235
-1,-0.8641156988362044
1,0.3250512642309995
-1,-2.856467395084536
-1,-3.3147227756571387
-1,-3.859964366230377
-1,-1.5876712458436681
-1,-2.741977869395665
-1,-2.828469450899665
-1,-1.8342429636739954
-1,-1.1292097418592617
-1,-3.2335766287550185
-1,-3.2538572192571853
-1,-2.224408425881018
-1,-3.6848561397468167
-1,-2.052377476552335
-1,-3.060311868496272
-1,-2.9654683988072112
-1,-1.8161556710597142
-1,-1.14912599735915
-1,-3.5822775523505013
-1,-1.6400567016027763
-1,-2.1785443409759915
-1,-2.6684493724898806
-1,-0.6102091073328523
-1,-3.250531357595888
-1,-2.5110357563165993
1,0.982279584618853
1,0.15661437657109264
-1,-0.3061145939424133
-1,-3.4616296596851868
-1,-2.2547180112735528
1,0.5321067534745906
-1,-0.9436141574632977
-1,-0.5584962214228021
-1,-1.607014201801429
-1,-0.8847089953929134
-1,-1.5687294192914198
-1,-3.4272550848743193
-1,-1.064891665355809
-1,-4.6640823201956785
1,1.9507739278369738
-1,-3.495865262179253
-1,-0.7321813449474429
-1,-1.7129641194131056
-1,-1.7868179322478952
-1,-3.5543693417376145
-1,-1.7954754176448662
-1,-1.2799103989849887
-1,-4.056475749491391
-1,-1.8026062715262698
-1,-5.757088134401804
1,3.293765142741126
-1,-0.279261621843937
-1,-1.9459959747068778
-1,-3.018445693307972
-1,-3.680703678257881
-1,-1.821089752609837
-1,-2.4064131570453875
-1,-0.22891547182042002
-1,-4.172284790935648
-1,-2.5331456724202726
-1,-0.7835778084157944
1,0.33639813125605855
1,0.8846643526190705
-1,-0.44951135579973717
-1,-0.8620243604387322
-1,-2.3416680467289246
-1,-2.5559204563298836
-1,-4.932377699686407
-1,-1.724401912634791
-1,-1.671666648434696
-1,-2.089973403627452
-1,-2.4704064671651738
1,0.8708971719144833
-1,-3.182660256338405
-1,-3.5854442640118362
-1,-2.886282280127094
-1,-0.894083526887869
-1,-0.6989647530117651
-1,-2.9267260898932985
-1,-0.8767228013747634
-1,-4.175729618770786
-1,-2.7344322648125514
-1,-0.08044453362537249
-1,-3.701428340870232
-1,-0.22939645927610586
-1,-2.561698240665568
1,0.32716060870161023
-1,-0.920928435994771
-1,-0.8341789002712913
-1,-0.5346163303576296
-1,-0.018954981249241696
-1,-2.1728674172049867
-1,-1.5863674474495193
-1,-3.175920275131001
-1,-1.6218772722169095
-1,-2.5912301152496857
-1,-2.1405417101602993
-1,-5.65326761299237
-1,-0.9504668180122866
-1,-3.44212561917189
-1,-2.819590811523168
-1,-1.9965874650446616
1,5.929249526834011
-1,-5.064747639075228
-1,-3.002359761890594
-1,-1.0489591535870344
-1,-0.32758407509427956
-1,-2.346681037092822
-1,-1.2937546004100133
-1,-2.468024488667528
-1,-3.010033569442974
-1,-4.750521456093955
-1,-3.9789504651201404
-1,-2.0253063328249823
-1,-3.005029024111654
-1,-3.859232349463019
-1,-0.6056024517711396
1,0.7181386436095665
-1,-1.22108950780787
-1,-1.5592893604028641
1,0.11390422282502362
-1,-1.2309095160833272
-1,-0.6822442088853785
-1,-2.8761130990946286
-1,-0.8235091307207284
-1,-3.2858383439354713
-1,-0.8948236932120082
1,1.2287224433826656
-1,-2.4775658917774774
-1,-1.626136946059502
-1,-2.652803874825687
-1,-2.44187609968654
-1,-1.9910712324236604
1,2.0534937042038313
-1,-3.6542101607340114
-1,-3.3141323876518762
-1,-2.1567780846094253
1,0.9464137984291839
-1,-3.63284575188747
-1,-4.812317324304608
1,2.612263354213383
-1,-3.558354458137695
1,2.251892850927696
-1,-4.479689307886246
-1,-3.2727655552054116
-1,-0.9858900736619995
-1,-2.329914016801292
-1,-2.6641152573179006
-1,-1.3049793516744261
-1,-3.7819143220453064
-1,-3.4602144694195953
-1,-4.042822957145339
-1,-2.7060632613058253
-1,-2.7671659204099837
-1,-0.2969126908313889
-1,-0.5849923722752
-1,-2.656906657986268
-1,-3.581394465713853
-1,-3.1316761528463237
-1,-1.6041134311302385
-1,-0.857197416197773
-1,-3.2237981574311076
-1,-2.4946576110556347
-1,-0.9545905945969723
-1,-0.8084829362327316
-1,-1.1600653321757608
1,0.09488895639692592
1,2.2233748757570795
-1,-2.7016662911833316
-1,-3.696335728069752
-1,-2.846643400853127
-1,-4.768899673447481
-1,-2.10755507808266
-1,-1.165103248727965
-1,-4.164875554895413
-1,-3.5445788902817217
-1,-1.3459502721760916
-1,-1.1150268820210811
-1,-1.775146685403581
-1,-4.861679895908544
-1,-2.7667364792873688
-1,-4.1548227756804845
-1,-0.14799936831456484
1,0.3423602575904874
1,0.6279241106280877
1,0.30944807743915664
-1,-1.758161832375186
1,0.39687803665772214
1,0.14904150232978228
1,1.748638705960547
-1,-0.9848666767645982
-1,-2.416589920462225
1,0.07492311862159642
-1,-1.4182974249544853
-1,-2.171587235315726
-1,-1.7238984467655982
-1,-1.8281829175259139
-1,-2.3510401145953033
-1,-1.4062324656793386
-1,-3.790842504369234
-1,-1.3420229837559596
-1,-2.961331165669564
-1,-2.387213564691028
-1,-4.069873682276764
1,1.7384745144404197
1,1.3789367497270943
-1,-2.576934771736386
-1,-1.3969248139335215
-1,-2.4024907408666407
-1,-2.9900168390303863
-1,-3.4157424326802728
-1,-2.648065147007203
-1,-2.658748045020298
-1,-3.007177579092154
-1,-1.8876102623468187
-1,-1.08720751834863
-1,-0.4810424097857077
1,2.0920956455575044
-1,-2.5889863282912553
-1,-1.4577882187802
-1,-1.1981857120494959
1,0.21284541014639582
-1,-2.2809721299091406
-1,-3.975451175741134
-1,-0.979821319000166
-1,-2.7760232408224965
-1,-3.719006388412181
1,0.98752524335952
-1,-2.89771906116046
-1,-2.3954646014171246
-1,-0.6361349043946738
-1,-2.4171486007373164
-1,-2.5073047448768944
-1,-3.1700779313524983
1,0.2272653577712728
-1,-4.745880644608044
-1,-3.5764073246082315
-1,-2.9160382698924807
-1,-4.122343813543953
-1,-4.633826378252169
-1,-3.8952816071312255
-1,-2.790010235219442
-1,-2.12897302125653
-1,-3.1103773135892836
1,0.4028635777650226
-1,-1.5065892304480173
-1,-3.9054334217069346
-1,-4.458893928260858
-1,-4.580736041250187
-1,-2.1330144543672285
-1,-3.02942754492763
-1,-0.24561789469597925
-1,-3.432384794433625
-1,-2.0739366014560185
-1,-1.4783986009892498
-1,-4.640508844259691
-1,-2.062663934933277
-1,-5.054157837343785
-1,-0.3118210995152497
-1,-1.6046560323437329
1,0.6071465179909386
-1,-1.7063631704668074
-1,-2.813088489470646
-1,-3.3979486723459313
-1,-3.2201935291861923
-1,-4.334930834385727
-1,-0.5703917018504161
-1,-2.7851315139079427
-1,-2.8241308257603612
-1,-3.610622361674292
-1,-2.5057447337251846
-1,-0.37300440866227064
-1,-1.0217583983449376
-1,-2.941016687297014
-1,-3.792381058496365
-1,-1.8599407334460178
-1,-2.0003004657515477
-1,-2.590030055312728
-1,-1.366129478151859
-1,-1.4144962422869642
-1,-2.886088800894456
-1,-3.7524799538613802
-1,-3.6044619721021367
1,0.3418049549055881
-1,-1.8804853840778775
-1,-4.114721562417857
-1,-0.6958744919000553
-1,-1.1642512033642272
-1,-2.198606671060069
-1,-2.420525632181727
-1,-0.6089351971594736
-1,-3.7135455936040747
-1,-0.4729607651521793
-1,-3.480937588232071
-1,-3.430722608686434
-1,-3.1132116235351157
-1,-4.262504519824356
1,0.1769950109967571
-1,-1.9717295535509094
-1,-1.704636726105416
-1,-2.852244393471545
-1,-0.9333460411670623
-1,-1.650341141727212
-1,-2.13723390747515
-1,-2.3585852746397347
-1,-0.3583773161087724
-1,-4.037711700565747
-1,-3.320360784616469
-1,-0.10239739160590454
1,0.3073497856983323
-1,-3.326903943523429
-1,-2.493173798521299
-1,-0.5656497087751803
1,1.7236753226231685
-1,-2.215206725945902
1,1.564298611819868
1,0.37972070172879
-1,-0.742361570708886
-1,-3.781367078258464
-1,-3.7133766936635344
1,1.0340222296873787
1,1.0096730214328922
-1,-3.9711539834274
-1,-2.590282109493297
-1,-5.340319439557846
1,2.2146065716860814
-1,-1.3225730929110422
-1,-3.7840319969965903
-1,-1.5859932210954295
-1,-3.961105332478245
-1,-1.0469344759391912
-1,-2.3969479482299776
-1,-3.501982628679723
-1,-1.5208340603856512
1,0.12985288075601692
-1,-1.4488436389587074
1,1.9169708891406467
-1,-2.3720074616906053
-1,-3.499327480202842
-1,-1.0490481858748621
-1,-2.6708253834739164
1,0.6559137183287016
1,0.07746095633779862
-1,-3.347221996887048
-1,-0.885751424992708
-1,-1.5380858825119559
1,1.1684620979230764
-1,-2.733497687721943
1,2.0455669050207357
-1,-0.18476050669649827
-1,-2.0807887191285244
-1,-4.128407622279687
-1,-2.7322798139307856
-1,-2.0926921495639452
-1,-2.734724225080557
-1,-3.7669614513213685
-1,-5.4968457204449
-1,-0.9111423776461332
-1,-0.582973365091245
-1,-3.7188260734309466
-1,-0.6110870026176254
1,0.2998927056694017
-1,-2.791396165435528
-1,-1.9535882230755275
-1,-2.5586482411172957
-1,-2.1605460156365686
-1,-1.4473538603422789
-1,-2.819373500651826
-1,-1.7532107767068894
-1,-3.589753934933198
-1,-3.471936261257997
-1,-1.320827319861715
-1,-4.010069296572936
-1,-1.9178218058821481
1,1.0267109408294761
-1,-3.16489774643559
-1,-1.5914632095414494
-1,-2.908168327400085
-1,-2.800659090125706
1,5.355718508229764
-1,-2.4981524806987836
1,0.4585460176606634
1,2.7929412119700414
-1,-0.15151326818136174
-1,-1.3895518752113363
-1,-1.7637845876635745
-1,-3.530516053855186
-1,-3.1267252728853525
-1,-4.1356690131629055
-1,-1.4368453498019347
-1,-2.082975824239001
-1,-0.4933135272518995
-1,-3.5614179904597836
-1,-1.3544508668269415
-1,-1.7950447259671811
-1,-2.3888319610750504
-1,-3.02896990050982
-1,-1.647824367489914
-1,-1.684053261495179
1,0.2696079849825934
-1,-5.505672407267838
-1,-0.7183299128063034
-1,-3.6155822427825752
-1,-3.774846334835059
-1,-2.5241061885771545
-1,-2.893177438292249
-1,-1.7959367162846633
1,2.57558515781479
-1,-0.38262490334411725
-1,-2.80600347593732
-1,-2.913363679803802
-1,-3.521115166297778
-1,-1.4558250000096236
-1,-2.4740013048632643
-1,-4.046729054108831
-1,-1.6952381082874897
-1,-1.9448045226400204
-1,-1.3836689295270943
-1,-1.328846352607526
-1,-1.0332955431830433
-1,-1.9502994314308464
1,0.16827904177233652
-1,-1.5954023997133344
-1,-4.218171069754909
-1,-3.0244064783373283
-1,-0.7942986307619317
-1,-3.8736651205236803
1,0.02679917228069139
-1,-3.1360026331552233
-1,-0.7725304029976472
1,1.8600320283094565
-1,-4.640839981406299
-1,-2.049967438020487
-1,-3.7687960353739376
1,1.6810573596321232
-1,-5.666290699290859
1,0.46103948353232804
-1,-3.645990103412881
-1,-3.3734622159593606
-1,-1.6487414320589453
-1,-2.427835894183114
-1,-3.6990229851298526
-1,-1.5790173401411887
-1,-0.462188013502758
-1,-2.05887019932419
-1,-4.345404019647877
1,0.46041872869952166
-1,-2.5389676373674157
-1,-0.7626823994931455
-1,-0.9269130295378933
-1,-1.6234226336369917
-1,-1.146652073662767
-1,-2.641123530651075
-1,-3.6442162208481528
1,0.5029835556734396
1,1.1738502875785275
-1,-3.627403802230486
-1,-1.7903364766063354
-1,-2.5774308529276313
-1,-2.473765954816616
-1,-2.268887056553904
-1,-3.9126531009427876
-1,-4.1538089192836045
-1,-0.6567915456309747
-1,-1.5317582993860765
-1,-4.187603284860146
-1,-1.395203703559255
1,2.6073229395867914
-1,-4.614903774572936
-1,-0.5379613062864127
1,0.8216543392378544
-1,-2.1353191046390676
-1,-3.3120750883537617
-1,-1.4612035235434915
-1,-3.092089262146297
-1,-1.546706325691482
1,3.9467195868214033
-1,-0.9040198966812886
-1,-0.5168767915702284
-1,-5.2733221536584205
-1,-4.225121940531033
1,0.5178603639346138
-1,-1.4919119952278361
1,2.405684993712513
-1,-3.102559842778015
-1,-2.2092628861008192
-1,-2.8557861003504206
-1,-3.5070067954406987
-1,-2.38879885126778
-1,-2.7769658732238485
-1,-3.102874566311147
-1,-2.1429161123335962
-1,-3.3866928920941213
-1,-6.357502444978304
-1,-1.750278051705774
-1,-2.0014445971768122
-1,-1.8248896707228366
-1,-1.4182209338901977
-1,-6.441666959346477
-1,-3.281423966185274
-1,-0.9466595140929818
-1,-0.7873229803943155
1,3.069619464539802
-1,-3.8842379741130877
-1,-1.3302527387605536
-1,-3.251999873148407
-1,-1.3836039371875375
-1,-2.9440215902067792
-1,-4.03059361974446
-1,-1.2550758339223858
-1,-0.6333585801263169
1,1.7459824281455296
-1,-3.9025069102990666
-1,-1.8445153149890354
-1,-0.1906564124268843
-1,-0.8806671086949691
-1,-3.8295507515371985
1,0.3257092125228721
-1,-1.9395189919859477
-1,-3.063379331494757
-1,-0.8933348516604357
-1,-4.617295417890518
-1,-1.0979161483839615
-1,-4.483680980410208
-1,-2.1759667911584746
-1,-4.917310793588339
-1,-2.399481758453674
-1,-1.6573657739126717
-1,-0.43104795126885753
1,2.255832386538527
-1,-3.4269188158433455
-1,-0.699666686838181
-1,-4.2055087301779555
-1,-3.7346537975807728
-1,-3.2446374884905174
-1,-4.315567479714361
1,1.0018441710898507
1,0.5156154327594942
-1,-1.5695110389688671
-1,-4.198577523769119
-1,-3.86269345097189
-1,-3.835747248450577
-1,-2.69565880974888
-1,-3.679463834755282
-1,-4.464798325589744
1,0.9088771883909048
-1,-3.214967684886266
-1,-3.20082059072068
1,0.2103866914679831
-1,-1.8180997592499872
-1,-1.2676938205845478
-1,-0.3639136735142352
-1,-4.273547202368595
-1,-0.2952167371345252
-1,-3.2223806802666477
-1,-3.281582377808891
1,0.45334811271693715
-1,-1.8774178616749828
1,1.6725380752888985
-1,-1.6452105109439663
-1,-0.6812108903225093
-1,-4.032036464370749
-1,-4.596169950110899
-1,-0.8542107548290567
-1,-1.390582331132533
-1,-1.151775394500158
-1,-2.628717693886156
-1,-1.8567927431174442
-1,-2.8028823996311067
-1,-4.472799753243552
-1,-3.6786841221970876
1,0.6504251601139802
1,0.14082465161852645
